timestamp,measured_power_util,production_power_util,cell,pdu,bad_measurement_data,bad_production_power_data,actual_power_watts,actual_prod_power_watts
2019-05-01 00:00:00,0.6605833333333334,0.60325,a,pdu6,False,True,23781.000000000004,21717.0
2019-05-01 01:00:00,0.6230833333333333,0.5991666666666666,a,pdu6,False,True,22431.0,21570.0
2019-05-01 02:00:00,0.629,0.59875,a,pdu6,False,True,22644.0,21555.0
2019-05-01 03:00:00,0.6299166666666667,0.5986666666666666,a,pdu6,False,True,22677.0,21551.999999999996
2019-05-01 04:00:00,0.6409166666666667,0.6023333333333333,a,pdu6,False,True,23073.0,21683.999999999996
2019-05-01 05:00:00,0.6428333333333334,0.6029166666666667,a,pdu6,False,True,23142.0,21705.0
2019-05-01 06:00:00,0.63775,0.6020833333333333,a,pdu6,False,True,22959.0,21675.0
2019-05-01 07:00:00,0.6394166666666666,0.6059166666666667,a,pdu6,False,True,23019.0,21813.0
2019-05-01 08:00:00,0.6455833333333333,0.60625,a,pdu6,False,True,23241.0,21825.0
2019-05-01 09:00:00,0.6459166666666667,0.60475,a,pdu6,False,True,23253.0,21771.0
2019-05-01 10:00:00,0.6475833333333333,0.6053333333333333,a,pdu6,False,True,23313.0,21791.999999999996
2019-05-01 11:00:00,0.6603333333333333,0.6048333333333333,a,pdu6,False,True,23772.0,21774.0
2019-05-01 12:00:00,0.6686666666666667,0.6040833333333333,a,pdu6,False,True,24072.000000000004,21747.0
2019-05-01 13:00:00,0.6670833333333334,0.6054166666666666,a,pdu6,False,True,24015.0,21794.999999999996
2019-05-01 14:00:00,0.6718333333333334,0.6055833333333333,a,pdu6,False,True,24186.000000000004,21800.999999999996
2019-05-01 15:00:00,0.6801666666666667,0.6135,a,pdu6,False,True,24486.0,22086.0
2019-05-01 16:00:00,0.6854166666666667,0.6129166666666667,a,pdu6,False,True,24675.0,22065.0
2019-05-01 17:00:00,0.6906666666666667,0.6184166666666667,a,pdu6,False,True,24864.0,22263.000000000004
2019-05-01 18:00:00,0.7164999999999999,0.6100833333333333,a,pdu6,False,True,25793.999999999996,21963.0
2019-05-01 19:00:00,0.6958333333333333,0.5950833333333333,a,pdu6,False,True,25050.0,21423.0
2019-05-01 20:00:00,0.6681666666666667,0.5924166666666667,a,pdu6,False,True,24054.0,21327.0
2019-05-01 21:00:00,0.62825,0.5888333333333333,a,pdu6,False,True,22617.0,21198.0
2019-05-01 22:00:00,0.6566666666666667,0.5911666666666666,a,pdu6,False,True,23640.000000000004,21282.0
2019-05-01 23:00:00,0.6575000000000001,0.5961666666666666,a,pdu6,False,True,23670.000000000004,21462.0
2019-05-02 00:00:00,0.6706666666666666,0.59675,a,pdu6,False,True,24144.0,21483.0
2019-05-02 01:00:00,0.6853333333333333,0.6008333333333333,a,pdu6,False,True,24672.0,21630.0
2019-05-02 02:00:00,0.7059166666666666,0.6010833333333333,a,pdu6,False,True,25413.0,21639.0
2019-05-02 03:00:00,0.6980833333333333,0.6009166666666667,a,pdu6,False,True,25130.999999999996,21633.0
2019-05-02 04:00:00,0.7081666666666666,0.60575,a,pdu6,False,True,25493.999999999996,21807.0
2019-05-02 05:00:00,0.71775,0.6120833333333333,a,pdu6,False,True,25839.0,22035.0
2019-05-02 06:00:00,0.7186666666666666,0.6175833333333333,a,pdu6,False,True,25871.999999999996,22232.999999999996
2019-05-02 07:00:00,0.7151666666666666,0.61825,a,pdu6,False,True,25746.0,22257.0
2019-05-02 08:00:00,0.7109166666666665,0.6246666666666667,a,pdu6,False,True,25592.999999999996,22488.0
2019-05-02 09:00:00,0.7172499999999999,0.6295833333333333,a,pdu6,False,True,25820.999999999996,22664.999999999996
2019-05-02 10:00:00,0.7088333333333333,0.6195,a,pdu6,False,True,25518.0,22302.000000000004
2019-05-02 11:00:00,0.7168333333333333,0.6175833333333333,a,pdu6,False,True,25806.0,22232.999999999996
2019-05-02 12:00:00,0.7034166666666666,0.6084166666666667,a,pdu6,False,True,25322.999999999996,21903.0
2019-05-02 13:00:00,0.7004999999999999,0.60675,a,pdu6,False,True,25217.999999999996,21843.0
2019-05-02 14:00:00,0.7046666666666667,0.6051666666666666,a,pdu6,False,True,25368.0,21786.0
2019-05-02 15:00:00,0.7009166666666666,0.6029166666666667,a,pdu6,False,True,25233.0,21705.0
2019-05-02 16:00:00,0.7014999999999999,0.6025833333333334,a,pdu6,False,True,25253.999999999996,21693.0
2019-05-02 17:00:00,0.7211666666666666,0.6065833333333334,a,pdu6,False,True,25962.0,21837.0
2019-05-02 18:00:00,0.7254166666666667,0.6068333333333333,a,pdu6,False,True,26115.0,21846.0
2019-05-02 19:00:00,0.72025,0.6039166666666667,a,pdu6,False,True,25928.999999999996,21741.0
2019-05-02 20:00:00,0.717,0.60125,a,pdu6,False,True,25812.0,21645.0
2019-05-02 21:00:00,0.7007499999999999,0.59675,a,pdu6,False,True,25226.999999999996,21483.0
2019-05-02 22:00:00,0.69625,0.5963333333333333,a,pdu6,False,True,25065.0,21467.999999999996
2019-05-02 23:00:00,0.6940833333333334,0.5946666666666666,a,pdu6,False,True,24987.000000000004,21407.999999999996
2019-05-03 00:00:00,0.6945833333333332,0.5986666666666666,a,pdu6,False,True,25004.999999999996,21551.999999999996
2019-05-03 01:00:00,0.71475,0.6051666666666666,a,pdu6,False,True,25731.0,21786.0
2019-05-03 02:00:00,0.7138333333333332,0.6015833333333332,a,pdu6,False,True,25697.999999999996,21656.999999999996
2019-05-03 03:00:00,0.7159166666666666,0.6045833333333334,a,pdu6,False,True,25773.0,21765.0
2019-05-03 04:00:00,0.7126666666666667,0.6048333333333333,a,pdu6,False,True,25656.0,21774.0
2019-05-03 05:00:00,0.7162499999999999,0.6054166666666666,a,pdu6,False,True,25784.999999999996,21794.999999999996
2019-05-03 06:00:00,0.7255833333333332,0.6079166666666667,a,pdu6,False,True,26120.999999999996,21885.0
2019-05-03 07:00:00,0.7275833333333334,0.6158333333333333,a,pdu6,False,True,26193.0,22170.0
2019-05-03 08:00:00,0.7244999999999999,0.6159166666666667,a,pdu6,False,True,26081.999999999996,22173.0
2019-05-03 09:00:00,0.6994166666666666,0.6095,a,pdu6,False,True,25178.999999999996,21942.0
2019-05-03 10:00:00,0.6934166666666667,0.60575,a,pdu6,False,True,24963.0,21807.0
2019-05-03 11:00:00,0.7034166666666666,0.60775,a,pdu6,False,True,25322.999999999996,21879.0
2019-05-03 12:00:00,0.7159999999999999,0.6058333333333333,a,pdu6,False,True,25775.999999999996,21810.0
2019-05-03 13:00:00,0.7360833333333333,0.6066666666666666,a,pdu6,False,True,26499.0,21839.999999999996
2019-05-03 14:00:00,0.7275833333333334,0.60475,a,pdu6,False,True,26193.0,21771.0
2019-05-03 15:00:00,0.7269166666666665,0.6039166666666667,a,pdu6,False,True,26168.999999999996,21741.0
2019-05-03 16:00:00,0.7291666666666666,0.6046666666666667,a,pdu6,False,True,26250.0,21768.0
2019-05-03 17:00:00,0.7308333333333333,0.6043333333333333,a,pdu6,False,True,26310.0,21755.999999999996
2019-05-03 18:00:00,0.734,0.6038333333333333,a,pdu6,False,True,26424.0,21738.0
2019-05-03 19:00:00,0.71875,0.603,a,pdu6,False,True,25875.0,21708.0
2019-05-03 20:00:00,0.71075,0.601,a,pdu6,False,True,25587.0,21636.0
2019-05-03 21:00:00,0.6624166666666667,0.59775,a,pdu6,False,True,23847.0,21519.0
2019-05-03 22:00:00,0.67325,0.59975,a,pdu6,False,True,24237.0,21591.0
2019-05-03 23:00:00,0.7115833333333333,0.6001666666666666,a,pdu6,False,True,25617.0,21606.0
2019-05-04 00:00:00,0.698,0.6000833333333333,a,pdu6,False,True,25128.0,21603.0
2019-05-04 01:00:00,0.6946666666666667,0.6006666666666667,a,pdu6,False,True,25008.0,21624.0
2019-05-04 02:00:00,0.6960833333333333,0.6005833333333334,a,pdu6,False,True,25058.999999999996,21621.0
2019-05-04 03:00:00,0.7040833333333333,0.6024166666666667,a,pdu6,False,True,25347.0,21687.0
2019-05-04 04:00:00,0.7040833333333333,0.60275,a,pdu6,False,True,25347.0,21699.0
2019-05-04 05:00:00,0.7007499999999999,0.60275,a,pdu6,False,True,25226.999999999996,21699.0
2019-05-04 06:00:00,0.7120833333333333,0.6035,a,pdu6,False,True,25635.0,21726.0
2019-05-04 07:00:00,0.7289166666666667,0.6061666666666666,a,pdu6,False,True,26241.0,21822.0
2019-05-04 08:00:00,0.7218333333333332,0.6050833333333333,a,pdu6,False,True,25985.999999999996,21783.0
2019-05-04 09:00:00,0.711,0.6031666666666666,a,pdu6,False,True,25596.0,21714.0
2019-05-04 10:00:00,0.7278333333333333,0.6038333333333333,a,pdu6,False,True,26202.0,21738.0
2019-05-04 11:00:00,0.7225,0.6038333333333333,a,pdu6,False,True,26010.0,21738.0
2019-05-04 12:00:00,0.7044166666666666,0.6024999999999999,a,pdu6,False,True,25358.999999999996,21689.999999999996
2019-05-04 13:00:00,0.69875,0.60325,a,pdu6,False,True,25155.0,21717.0
2019-05-04 14:00:00,0.6863333333333334,0.60125,a,pdu6,False,True,24708.0,21645.0
2019-05-04 15:00:00,0.6920833333333333,0.6003333333333333,a,pdu6,False,True,24914.999999999996,21611.999999999996
2019-05-04 16:00:00,0.7004999999999999,0.5995,a,pdu6,False,True,25217.999999999996,21582.0
2019-05-04 17:00:00,0.7042499999999999,0.5995833333333332,a,pdu6,False,True,25352.999999999996,21584.999999999996
2019-05-04 18:00:00,0.6565,0.5956666666666667,a,pdu6,False,True,23634.0,21444.0
2019-05-04 19:00:00,0.6579166666666667,0.59675,a,pdu6,False,True,23685.0,21483.0
2019-05-04 20:00:00,0.70025,0.598,a,pdu6,False,True,25209.0,21528.0
2019-05-04 21:00:00,0.6933333333333334,0.5971666666666666,a,pdu6,False,True,24960.0,21498.0
2019-05-04 22:00:00,0.6968333333333333,0.5974166666666666,a,pdu6,False,True,25086.0,21506.999999999996
2019-05-04 23:00:00,0.6854166666666667,0.5949166666666666,a,pdu6,False,True,24675.0,21417.0
2019-05-05 00:00:00,0.69325,0.59725,a,pdu6,False,True,24957.0,21500.999999999996
2019-05-05 01:00:00,0.68375,0.60025,a,pdu6,False,True,24615.0,21609.0
2019-05-05 02:00:00,0.6723333333333334,0.5975,a,pdu6,False,True,24204.000000000004,21510.0
2019-05-05 03:00:00,0.6804166666666668,0.5969166666666667,a,pdu6,False,True,24495.000000000004,21489.0
2019-05-05 04:00:00,0.69525,0.5989166666666667,a,pdu6,False,True,25029.0,21561.0
2019-05-05 05:00:00,0.7146666666666667,0.602,a,pdu6,False,True,25728.0,21672.0
2019-05-05 06:00:00,0.70975,0.6041666666666666,a,pdu6,False,True,25551.0,21750.0
2019-05-05 07:00:00,0.7128333333333333,0.60425,a,pdu6,False,True,25662.0,21753.0
2019-05-05 08:00:00,0.7048333333333333,0.604,a,pdu6,False,True,25374.0,21744.0
2019-05-05 09:00:00,0.7003333333333334,0.6056666666666667,a,pdu6,False,True,25212.0,21804.0
2019-05-05 10:00:00,0.718,0.6058333333333333,a,pdu6,False,True,25848.0,21810.0
2019-05-05 11:00:00,0.7188333333333333,0.6040833333333333,a,pdu6,False,True,25878.0,21747.0
2019-05-05 12:00:00,0.7253333333333334,0.6043333333333333,a,pdu6,False,True,26112.000000000004,21755.999999999996
2019-05-05 13:00:00,0.7308333333333333,0.6035833333333332,a,pdu6,False,True,26310.0,21728.999999999996
2019-05-05 14:00:00,0.7190833333333333,0.6014166666666666,a,pdu6,False,True,25887.0,21650.999999999996
2019-05-05 15:00:00,0.7232500000000001,0.6000833333333333,a,pdu6,False,True,26037.000000000004,21603.0
2019-05-05 16:00:00,0.7119166666666666,0.59925,a,pdu6,False,True,25629.0,21572.999999999996
2019-05-05 17:00:00,0.7063333333333333,0.5994166666666666,a,pdu6,False,True,25427.999999999996,21578.999999999996
2019-05-05 18:00:00,0.7065833333333332,0.60125,a,pdu6,False,True,25436.999999999996,21645.0
2019-05-05 19:00:00,0.65175,0.5965833333333334,a,pdu6,False,True,23463.000000000004,21477.0
2019-05-05 20:00:00,0.6565833333333334,0.5956666666666667,a,pdu6,False,True,23637.000000000004,21444.0
2019-05-05 21:00:00,0.6753333333333335,0.5963333333333333,a,pdu6,False,True,24312.000000000004,21467.999999999996
2019-05-05 22:00:00,0.6889166666666666,0.5975,a,pdu6,False,True,24801.0,21510.0
2019-05-05 23:00:00,0.6905833333333332,0.5964999999999999,a,pdu6,False,True,24860.999999999996,21473.999999999996
2019-05-06 00:00:00,0.6829166666666667,0.5955,a,pdu6,False,True,24585.000000000004,21438.0
2019-05-06 01:00:00,0.6923333333333334,0.5993333333333334,a,pdu6,False,True,24924.0,21576.000000000004
2019-05-06 02:00:00,0.6780833333333334,0.5996666666666667,a,pdu6,False,True,24411.0,21588.0
2019-05-06 03:00:00,0.6928333333333333,0.5989166666666667,a,pdu6,False,True,24942.0,21561.0
2019-05-06 04:00:00,0.7138333333333332,0.6033333333333334,a,pdu6,False,True,25697.999999999996,21720.000000000004
2019-05-06 05:00:00,0.7133333333333333,0.60525,a,pdu6,False,True,25679.999999999996,21789.0
2019-05-06 06:00:00,0.72575,0.6068333333333333,a,pdu6,False,True,26127.0,21846.0
2019-05-06 07:00:00,0.7168333333333333,0.6069166666666667,a,pdu6,False,True,25806.0,21849.0
2019-05-06 08:00:00,0.7244166666666666,0.6084166666666667,a,pdu6,False,True,26078.999999999996,21903.0
2019-05-06 09:00:00,0.7268333333333333,0.61125,a,pdu6,False,True,26166.0,22005.0
2019-05-06 10:00:00,0.7280833333333333,0.6119166666666667,a,pdu6,False,True,26211.0,22029.0
2019-05-06 11:00:00,0.7265833333333332,0.61175,a,pdu6,False,True,26156.999999999996,22023.0
2019-05-06 12:00:00,0.7293333333333333,0.61,a,pdu6,False,True,26255.999999999996,21960.0
2019-05-06 13:00:00,0.73025,0.6095833333333333,a,pdu6,False,True,26289.0,21944.999999999996
2019-05-06 14:00:00,0.7265833333333332,0.6076666666666667,a,pdu6,False,True,26156.999999999996,21876.0
2019-05-06 15:00:00,0.7128333333333333,0.6055,a,pdu6,False,True,25662.0,21798.0
2019-05-06 16:00:00,0.7186666666666666,0.6044999999999999,a,pdu6,False,True,25871.999999999996,21761.999999999996
2019-05-06 17:00:00,0.7254999999999999,0.6064166666666667,a,pdu6,False,True,26117.999999999996,21831.0
2019-05-06 18:00:00,0.6904166666666667,0.6033333333333334,a,pdu6,False,True,24855.0,21720.000000000004
2019-05-06 19:00:00,0.668,0.6015,a,pdu6,False,True,24048.0,21654.0
2019-05-06 20:00:00,0.7004166666666666,0.6036666666666667,a,pdu6,False,True,25214.999999999996,21732.0
2019-05-06 21:00:00,0.7084166666666666,0.6023333333333333,a,pdu6,False,True,25502.999999999996,21683.999999999996
2019-05-06 22:00:00,0.6969166666666666,0.60225,a,pdu6,False,True,25089.0,21681.0
2019-05-06 23:00:00,0.7105,0.5994166666666666,a,pdu6,False,True,25578.0,21578.999999999996
2019-05-07 00:00:00,0.7148333333333333,0.5981666666666666,a,pdu6,False,True,25734.0,21534.0
2019-05-07 01:00:00,0.7095833333333332,0.5990833333333333,a,pdu6,False,True,25544.999999999996,21567.0
2019-05-07 02:00:00,0.7069166666666665,0.6009166666666667,a,pdu6,False,True,25448.999999999996,21633.0
2019-05-07 03:00:00,0.7176666666666667,0.6028333333333333,a,pdu6,False,True,25836.0,21702.0
2019-05-07 04:00:00,0.7299166666666667,0.6046666666666667,a,pdu6,False,True,26277.0,21768.0
2019-05-07 05:00:00,0.7376666666666667,0.6068333333333333,a,pdu6,False,False,26556.0,21846.0
2019-05-07 06:00:00,0.7409166666666667,0.6086666666666667,a,pdu6,False,False,26673.0,21912.0
2019-05-07 07:00:00,0.7209166666666667,0.6098333333333333,a,pdu6,False,False,25953.0,21954.0
2019-05-07 08:00:00,0.7013333333333334,0.6084999999999999,a,pdu6,False,False,25248.0,21905.999999999996
2019-05-07 09:00:00,0.698,0.6076666666666667,a,pdu6,False,False,25128.0,21876.0
2019-05-07 10:00:00,0.7244999999999999,0.607,a,pdu6,False,False,26081.999999999996,21852.0
2019-05-07 11:00:00,0.7266666666666666,0.6084999999999999,a,pdu6,False,False,26159.999999999996,21905.999999999996
2019-05-07 12:00:00,0.7275,0.6075,a,pdu6,False,False,26190.0,21870.0
2019-05-07 13:00:00,0.7314166666666666,0.6111666666666666,a,pdu6,False,False,26330.999999999996,22002.0
2019-05-07 14:00:00,0.7261666666666667,0.6053333333333333,a,pdu6,False,False,26142.000000000004,21791.999999999996
2019-05-07 15:00:00,0.7164999999999999,0.6020833333333333,a,pdu6,False,False,25793.999999999996,21675.0
2019-05-07 16:00:00,0.7155833333333333,0.60125,a,pdu6,False,False,25761.0,21645.0
2019-05-07 17:00:00,0.71525,0.6035,a,pdu6,False,False,25749.000000000004,21726.0
2019-05-07 18:00:00,0.68525,0.5990833333333333,a,pdu6,False,False,24669.0,21567.0
2019-05-07 19:00:00,0.6701666666666667,0.5975,a,pdu6,False,False,24126.0,21510.0
2019-05-07 20:00:00,0.7104166666666667,0.6000833333333333,a,pdu6,False,False,25575.0,21603.0
2019-05-07 21:00:00,0.7193333333333333,0.599,a,pdu6,False,False,25895.999999999996,21564.0
2019-05-07 22:00:00,0.6967500000000001,0.5976666666666667,a,pdu6,False,False,25083.000000000004,21516.0
2019-05-07 23:00:00,0.7036666666666666,0.59675,a,pdu6,False,False,25331.999999999996,21483.0
2019-05-08 00:00:00,0.694,0.5970833333333333,a,pdu6,False,False,24984.0,21495.0
2019-05-08 01:00:00,0.6843333333333333,0.5966666666666667,a,pdu6,False,False,24636.0,21480.0
2019-05-08 02:00:00,0.7028333333333333,0.5984999999999999,a,pdu6,False,False,25302.0,21545.999999999996
2019-05-08 03:00:00,0.7139166666666666,0.60175,a,pdu6,False,False,25701.0,21663.0
2019-05-08 04:00:00,0.7161666666666666,0.60425,a,pdu6,False,False,25782.0,21753.0
2019-05-08 05:00:00,0.7120833333333333,0.6068333333333333,a,pdu6,False,False,25635.0,21846.0
2019-05-08 06:00:00,0.715,0.60925,a,pdu6,False,False,25740.0,21933.0
2019-05-08 07:00:00,0.7099166666666666,0.6091666666666666,a,pdu6,False,False,25557.0,21930.0
2019-05-08 08:00:00,0.7058333333333332,0.6089166666666667,a,pdu6,False,False,25409.999999999996,21921.0
2019-05-08 09:00:00,0.7170833333333334,0.6118333333333333,a,pdu6,False,False,25815.000000000004,22026.0
2019-05-08 10:00:00,0.7331666666666666,0.6113333333333334,a,pdu6,False,False,26394.0,22008.000000000004
2019-05-08 11:00:00,0.7293333333333333,0.6101666666666666,a,pdu6,False,False,26255.999999999996,21966.0
2019-05-08 12:00:00,0.7331666666666666,0.6084999999999999,a,pdu6,False,False,26394.0,21905.999999999996
2019-05-08 13:00:00,0.7321666666666666,0.6051666666666666,a,pdu6,False,False,26358.0,21786.0
2019-05-08 14:00:00,0.73225,0.604,a,pdu6,False,False,26361.0,21744.0
2019-05-08 15:00:00,0.7114166666666666,0.6015833333333332,a,pdu6,False,False,25610.999999999996,21656.999999999996
2019-05-08 16:00:00,0.71575,0.6020833333333333,a,pdu6,False,False,25767.0,21675.0
2019-05-08 17:00:00,0.717,0.60175,a,pdu6,False,False,25812.0,21663.0
2019-05-08 18:00:00,0.7151666666666666,0.6026666666666666,a,pdu6,False,False,25746.0,21695.999999999996
2019-05-08 19:00:00,0.70375,0.6004999999999999,a,pdu6,False,False,25335.0,21617.999999999996
2019-05-08 20:00:00,0.7003333333333334,0.59875,a,pdu6,False,False,25212.0,21555.0
2019-05-08 21:00:00,0.7124999999999999,0.5970833333333333,a,pdu6,False,False,25649.999999999996,21495.0
2019-05-08 22:00:00,0.7195833333333334,0.5979166666666667,a,pdu6,False,False,25905.0,21525.0
2019-05-08 23:00:00,0.7344166666666667,0.5968333333333333,a,pdu6,False,False,26439.000000000004,21486.0
2019-05-09 00:00:00,0.72125,0.5991666666666666,a,pdu6,False,False,25964.999999999996,21570.0
2019-05-09 01:00:00,0.7239999999999999,0.60025,a,pdu6,False,False,26063.999999999996,21609.0
2019-05-09 02:00:00,0.7298333333333332,0.6015,a,pdu6,False,False,26273.999999999996,21654.0
2019-05-09 03:00:00,0.7249166666666667,0.6049166666666667,a,pdu6,False,False,26097.0,21777.0
2019-05-09 04:00:00,0.7378333333333332,0.6086666666666667,a,pdu6,False,False,26561.999999999996,21912.0
2019-05-09 05:00:00,0.7506666666666666,0.6126666666666667,a,pdu6,False,False,27023.999999999996,22056.0
2019-05-09 06:00:00,0.75325,0.6135833333333333,a,pdu6,False,False,27117.0,22088.999999999996
2019-05-09 07:00:00,0.7418333333333332,0.6183333333333333,a,pdu6,False,False,26705.999999999996,22260.0
2019-05-09 08:00:00,0.7366666666666667,0.6161666666666666,a,pdu6,False,False,26520.0,22182.0
2019-05-09 09:00:00,0.7366666666666667,0.61725,a,pdu6,False,False,26520.0,22221.0
2019-05-09 10:00:00,0.7539166666666667,0.6190833333333333,a,pdu6,False,False,27141.0,22287.0
2019-05-09 11:00:00,0.7447499999999999,0.6153333333333334,a,pdu6,False,False,26810.999999999996,22152.000000000004
2019-05-09 12:00:00,0.7536666666666667,0.6204166666666667,a,pdu6,False,False,27132.0,22335.000000000004
2019-05-09 13:00:00,0.7500833333333333,0.617,a,pdu6,False,False,27003.0,22212.0
2019-05-09 14:00:00,0.7480833333333333,0.6145833333333334,a,pdu6,False,False,26931.0,22125.0
2019-05-09 15:00:00,0.7531666666666667,0.6106666666666666,a,pdu6,False,False,27114.0,21983.999999999996
2019-05-09 16:00:00,0.7505833333333333,0.6141666666666666,a,pdu6,False,False,27020.999999999996,22110.0
2019-05-09 17:00:00,0.7535833333333333,0.6130833333333333,a,pdu6,False,False,27128.999999999996,22071.0
2019-05-09 18:00:00,0.7527499999999999,0.6108333333333333,a,pdu6,False,False,27098.999999999996,21990.0
2019-05-09 19:00:00,0.7354166666666666,0.6085833333333334,a,pdu6,False,False,26474.999999999996,21909.0
2019-05-09 20:00:00,0.7093333333333334,0.60425,a,pdu6,False,False,25536.0,21753.0
2019-05-09 21:00:00,0.6973333333333332,0.6040833333333333,a,pdu6,False,False,25103.999999999996,21747.0
2019-05-09 22:00:00,0.7176666666666667,0.6050833333333333,a,pdu6,False,False,25836.0,21783.0
2019-05-09 23:00:00,0.7305833333333333,0.6055833333333333,a,pdu6,False,False,26300.999999999996,21800.999999999996
2019-05-10 00:00:00,0.727,0.6070833333333333,a,pdu6,False,False,26172.0,21855.0
2019-05-10 01:00:00,0.7274166666666666,0.6081666666666666,a,pdu6,False,False,26186.999999999996,21894.0
2019-05-10 02:00:00,0.7381666666666667,0.60925,a,pdu6,False,False,26574.000000000004,21933.0
2019-05-10 03:00:00,0.7279166666666667,0.6094166666666666,a,pdu6,False,False,26205.0,21938.999999999996
2019-05-10 04:00:00,0.7371666666666666,0.6120833333333333,a,pdu6,False,False,26538.0,22035.0
2019-05-10 05:00:00,0.7533333333333333,0.6183333333333333,a,pdu6,False,False,27120.0,22260.0
2019-05-10 06:00:00,0.7489166666666667,0.6178333333333333,a,pdu6,False,False,26961.0,22242.0
2019-05-10 07:00:00,0.7670833333333333,0.6251666666666666,a,pdu6,False,False,27615.0,22506.0
2019-05-10 08:00:00,0.7606666666666667,0.6248333333333334,a,pdu6,False,False,27384.0,22494.0
2019-05-10 09:00:00,0.7520000000000001,0.6216666666666667,a,pdu6,False,False,27072.000000000004,22380.0
2019-05-10 10:00:00,0.7580833333333333,0.6150833333333333,a,pdu6,False,False,27291.0,22143.0
2019-05-10 11:00:00,0.7594166666666666,0.615,a,pdu6,False,False,27339.0,22140.0
2019-05-10 12:00:00,0.7607499999999999,0.6155833333333333,a,pdu6,False,False,27386.999999999996,22160.999999999996
2019-05-10 13:00:00,0.7559999999999999,0.6189166666666667,a,pdu6,False,False,27215.999999999996,22281.0
2019-05-10 14:00:00,0.75025,0.61175,a,pdu6,False,False,27009.0,22023.0
2019-05-10 15:00:00,0.7358333333333333,0.6104999999999999,a,pdu6,False,False,26490.0,21977.999999999996
2019-05-10 16:00:00,0.74675,0.60575,a,pdu6,False,False,26883.0,21807.0
2019-05-10 17:00:00,0.74925,0.60825,a,pdu6,False,False,26973.0,21897.0
2019-05-10 18:00:00,0.7460833333333333,0.6076666666666667,a,pdu6,False,False,26859.0,21876.0
2019-05-10 19:00:00,0.7432500000000001,0.6066666666666666,a,pdu6,False,False,26757.000000000004,21839.999999999996
2019-05-10 20:00:00,0.7432500000000001,0.6051666666666666,a,pdu6,False,False,26757.000000000004,21786.0
2019-05-10 21:00:00,0.7225833333333332,0.6020833333333333,a,pdu6,False,False,26012.999999999996,21675.0
2019-05-10 22:00:00,0.7301666666666667,0.6035833333333332,a,pdu6,False,False,26286.000000000004,21728.999999999996
2019-05-10 23:00:00,0.7389166666666666,0.6004999999999999,a,pdu6,False,False,26600.999999999996,21617.999999999996
2019-05-11 00:00:00,0.7441666666666666,0.60175,a,pdu6,False,False,26790.0,21663.0
2019-05-11 01:00:00,0.7386666666666667,0.6019166666666667,a,pdu6,False,False,26592.0,21669.0
2019-05-11 02:00:00,0.7269166666666665,0.60025,a,pdu6,False,False,26168.999999999996,21609.0
2019-05-11 03:00:00,0.7364166666666666,0.6021666666666666,a,pdu6,False,False,26510.999999999996,21678.0
2019-05-11 04:00:00,0.7447499999999999,0.6046666666666667,a,pdu6,False,False,26810.999999999996,21768.0
2019-05-11 05:00:00,0.7444999999999999,0.60625,a,pdu6,False,False,26801.999999999996,21825.0
2019-05-11 06:00:00,0.7479166666666667,0.6086666666666667,a,pdu6,False,False,26925.0,21912.0
2019-05-11 07:00:00,0.7541666666666668,0.6116666666666667,a,pdu6,False,False,27150.000000000004,22020.0
2019-05-11 08:00:00,0.7525,0.6131666666666666,a,pdu6,False,False,27089.999999999996,22074.0
2019-05-11 09:00:00,0.7521666666666667,0.6156666666666667,a,pdu6,False,False,27078.0,22164.0
2019-05-11 10:00:00,0.7520000000000001,0.61275,a,pdu6,False,False,27072.000000000004,22059.0
2019-05-11 11:00:00,0.7524166666666666,0.61275,a,pdu6,False,False,27087.0,22059.0
2019-05-11 12:00:00,0.7380833333333333,0.6055833333333333,a,pdu6,False,False,26571.0,21800.999999999996
2019-05-11 13:00:00,0.73375,0.6056666666666667,a,pdu6,False,False,26415.0,21804.0
2019-05-11 14:00:00,0.7344166666666667,0.6035833333333332,a,pdu6,False,False,26439.000000000004,21728.999999999996
2019-05-11 15:00:00,0.7326666666666667,0.6038333333333333,a,pdu6,False,False,26376.0,21738.0
2019-05-11 16:00:00,0.7403333333333334,0.60375,a,pdu6,False,False,26652.000000000004,21735.0
2019-05-11 17:00:00,0.7248333333333333,0.60275,a,pdu6,False,False,26094.0,21699.0
2019-05-11 18:00:00,0.6795833333333334,0.5969166666666667,a,pdu6,False,False,24465.000000000004,21489.0
2019-05-11 19:00:00,0.7116666666666666,0.6014166666666666,a,pdu6,False,False,25619.999999999996,21650.999999999996
2019-05-11 20:00:00,0.7194166666666666,0.6010833333333333,a,pdu6,False,False,25898.999999999996,21639.0
2019-05-11 21:00:00,0.7174166666666667,0.5983333333333333,a,pdu6,False,False,25827.0,21539.999999999996
2019-05-11 22:00:00,0.7154166666666666,0.599,a,pdu6,False,False,25754.999999999996,21564.0
2019-05-11 23:00:00,0.7001666666666666,0.5964999999999999,a,pdu6,False,False,25205.999999999996,21473.999999999996
2019-05-12 00:00:00,0.6906666666666667,0.5958333333333333,a,pdu6,False,False,24864.0,21450.0
2019-05-12 01:00:00,0.7070833333333333,0.5996666666666667,a,pdu6,False,False,25455.0,21588.0
2019-05-12 02:00:00,0.7066666666666667,0.5988333333333333,a,pdu6,False,False,25440.0,21558.0
2019-05-12 03:00:00,0.7104166666666667,0.6000833333333333,a,pdu6,False,False,25575.0,21603.0
2019-05-12 04:00:00,0.7272500000000001,0.6,a,pdu6,False,False,26181.000000000004,21600.0
2019-05-12 05:00:00,0.7301666666666667,0.6029166666666667,a,pdu6,False,False,26286.000000000004,21705.0
2019-05-12 06:00:00,0.7375833333333333,0.6023333333333333,a,pdu6,False,False,26552.999999999996,21683.999999999996
2019-05-12 07:00:00,0.7479166666666667,0.60625,a,pdu6,False,False,26925.0,21825.0
2019-05-12 08:00:00,0.74225,0.60725,a,pdu6,False,False,26721.0,21861.0
2019-05-12 09:00:00,0.7476666666666666,0.614,a,pdu6,False,False,26915.999999999996,22104.0
2019-05-12 10:00:00,0.747,0.61075,a,pdu6,False,False,26892.0,21987.0
2019-05-12 11:00:00,0.7434166666666666,0.6089166666666667,a,pdu6,False,False,26762.999999999996,21921.0
2019-05-12 12:00:00,0.7348333333333333,0.6055833333333333,a,pdu6,False,False,26454.0,21800.999999999996
2019-05-12 13:00:00,0.7230833333333333,0.6043333333333333,a,pdu6,False,False,26031.0,21755.999999999996
2019-05-12 14:00:00,0.7301666666666667,0.6028333333333333,a,pdu6,False,False,26286.000000000004,21702.0
2019-05-12 15:00:00,0.7294999999999999,0.59975,a,pdu6,False,False,26261.999999999996,21591.0
2019-05-12 16:00:00,0.7308333333333333,0.5998333333333333,a,pdu6,False,False,26310.0,21594.0
2019-05-12 17:00:00,0.70175,0.5968333333333333,a,pdu6,False,False,25263.0,21486.0
2019-05-12 18:00:00,0.6899166666666666,0.5949166666666666,a,pdu6,False,False,24837.0,21417.0
2019-05-12 19:00:00,0.73225,0.59775,a,pdu6,False,False,26361.0,21519.0
2019-05-12 20:00:00,0.7199166666666666,0.5963333333333333,a,pdu6,False,False,25917.0,21467.999999999996
2019-05-12 21:00:00,0.7360000000000001,0.5975,a,pdu6,False,False,26496.000000000004,21510.0
2019-05-12 22:00:00,0.729,0.59525,a,pdu6,False,False,26244.0,21428.999999999996
2019-05-12 23:00:00,0.6996666666666665,0.5922499999999999,a,pdu6,False,False,25187.999999999996,21320.999999999996
2019-05-13 00:00:00,0.7068333333333333,0.5975,a,pdu6,False,False,25446.0,21510.0
2019-05-13 01:00:00,0.6970833333333334,0.5976666666666667,a,pdu6,False,False,25095.000000000004,21516.0
2019-05-13 02:00:00,0.7104166666666667,0.5975,a,pdu6,False,False,25575.0,21510.0
2019-05-13 03:00:00,0.7162499999999999,0.5993333333333334,a,pdu6,False,False,25784.999999999996,21576.000000000004
2019-05-13 04:00:00,0.7173333333333334,0.6026666666666666,a,pdu6,False,False,25824.0,21695.999999999996
2019-05-13 05:00:00,0.7288333333333333,0.6036666666666667,a,pdu6,False,False,26238.0,21732.0
2019-05-13 06:00:00,0.7304166666666667,0.6085833333333334,a,pdu6,False,False,26295.0,21909.0
2019-05-13 07:00:00,0.7559166666666667,0.6144999999999999,a,pdu6,False,False,27213.0,22121.999999999996
2019-05-13 08:00:00,0.7479166666666667,0.6163333333333333,a,pdu6,False,False,26925.0,22188.0
2019-05-13 09:00:00,0.7335833333333333,0.6141666666666666,a,pdu6,False,False,26408.999999999996,22110.0
2019-05-13 10:00:00,0.7386666666666667,0.6120833333333333,a,pdu6,False,False,26592.0,22035.0
2019-05-13 11:00:00,0.7394166666666666,0.6135,a,pdu6,False,False,26618.999999999996,22086.0
2019-05-13 12:00:00,0.7272500000000001,0.6095833333333333,a,pdu6,False,False,26181.000000000004,21944.999999999996
2019-05-13 13:00:00,0.7287499999999999,0.6098333333333333,a,pdu6,False,False,26234.999999999996,21954.0
2019-05-13 14:00:00,0.7315833333333334,0.6074166666666666,a,pdu6,False,False,26337.0,21866.999999999996
2019-05-13 15:00:00,0.7233333333333333,0.6064166666666667,a,pdu6,False,False,26039.999999999996,21831.0
2019-05-13 16:00:00,0.7358333333333333,0.6054166666666666,a,pdu6,False,False,26490.0,21794.999999999996
2019-05-13 17:00:00,0.7273333333333333,0.6041666666666666,a,pdu6,False,False,26183.999999999996,21750.0
2019-05-13 18:00:00,0.7099166666666666,0.6024166666666667,a,pdu6,False,False,25557.0,21687.0
2019-05-13 19:00:00,0.7141666666666667,0.6023333333333333,a,pdu6,False,False,25710.000000000004,21683.999999999996
2019-05-13 20:00:00,0.7171666666666666,0.6024999999999999,a,pdu6,False,False,25818.0,21689.999999999996
2019-05-13 21:00:00,0.7306666666666667,0.601,a,pdu6,False,False,26304.0,21636.0
2019-05-13 22:00:00,0.7102499999999999,0.5995833333333332,a,pdu6,False,False,25568.999999999996,21584.999999999996
2019-05-13 23:00:00,0.7245833333333334,0.6003333333333333,a,pdu6,False,False,26085.0,21611.999999999996
2019-05-14 00:00:00,0.71525,0.5991666666666666,a,pdu6,False,False,25749.000000000004,21570.0
2019-05-14 01:00:00,0.7076666666666666,0.59875,a,pdu6,False,False,25475.999999999996,21555.0
2019-05-14 02:00:00,0.7100833333333333,0.5994166666666666,a,pdu6,False,False,25563.0,21578.999999999996
2019-05-14 03:00:00,0.7005833333333333,0.6014166666666666,a,pdu6,False,False,25221.0,21650.999999999996
2019-05-14 04:00:00,0.7249166666666667,0.6055,a,pdu6,False,False,26097.0,21798.0
2019-05-14 05:00:00,0.7250833333333334,0.6066666666666666,a,pdu6,False,False,26103.000000000004,21839.999999999996
2019-05-14 06:00:00,0.7359166666666667,0.6085833333333334,a,pdu6,False,False,26493.0,21909.0
2019-05-14 07:00:00,0.7250833333333334,0.6139166666666667,a,pdu6,False,False,26103.000000000004,22101.0
2019-05-14 08:00:00,0.7441666666666666,0.619,a,pdu6,False,False,26790.0,22284.0
2019-05-14 09:00:00,0.7341666666666667,0.6155,a,pdu6,False,False,26430.000000000004,22158.0
2019-05-14 10:00:00,0.7388333333333333,0.6144999999999999,a,pdu6,False,False,26598.0,22121.999999999996
2019-05-14 11:00:00,0.7378333333333332,0.6130833333333333,a,pdu6,False,False,26561.999999999996,22071.0
2019-05-14 12:00:00,0.742,0.6144999999999999,a,pdu6,False,False,26712.0,22121.999999999996
2019-05-14 13:00:00,0.7326666666666667,0.6095,a,pdu6,False,False,26376.0,21942.0
2019-05-14 14:00:00,0.7330833333333334,0.60825,a,pdu6,False,False,26391.000000000004,21897.0
2019-05-14 15:00:00,0.7020833333333334,0.60275,a,pdu6,False,False,25275.000000000004,21699.0
2019-05-14 16:00:00,0.7336666666666667,0.6063333333333333,a,pdu6,False,False,26412.0,21827.999999999996
2019-05-14 17:00:00,0.7350833333333333,0.609,a,pdu6,False,False,26463.0,21924.0
2019-05-14 18:00:00,0.7001666666666666,0.6024999999999999,a,pdu6,False,False,25205.999999999996,21689.999999999996
2019-05-14 19:00:00,0.6890833333333334,0.6000833333333333,a,pdu6,False,False,24807.0,21603.0
2019-05-14 20:00:00,0.6807500000000001,0.6013333333333333,a,pdu6,False,False,24507.000000000004,21647.999999999996
2019-05-14 21:00:00,0.70325,0.6023333333333333,a,pdu6,False,False,25317.0,21683.999999999996
2019-05-14 22:00:00,0.6966666666666667,0.6008333333333333,a,pdu6,False,False,25080.0,21630.0
2019-05-14 23:00:00,0.70275,0.5999166666666667,a,pdu6,False,False,25299.0,21597.0
2019-05-15 00:00:00,0.698,0.6011666666666666,a,pdu6,False,False,25128.0,21642.0
2019-05-15 01:00:00,0.7200000000000001,0.6015833333333332,a,pdu6,False,False,25920.000000000004,21656.999999999996
2019-05-15 02:00:00,0.7305833333333333,0.6006666666666667,a,pdu6,False,False,26300.999999999996,21624.0
2019-05-15 03:00:00,0.7239999999999999,0.60225,a,pdu6,False,False,26063.999999999996,21681.0
2019-05-15 04:00:00,0.7425,0.6078333333333333,a,pdu6,False,False,26730.0,21882.0
2019-05-15 05:00:00,0.7364166666666666,0.6114166666666666,a,pdu6,False,False,26510.999999999996,22010.999999999996
2019-05-15 06:00:00,0.7134166666666667,0.6114166666666666,a,pdu6,False,False,25683.0,22010.999999999996
2019-05-15 07:00:00,0.7040833333333333,0.6164999999999999,a,pdu6,False,False,25347.0,22193.999999999996
2019-05-15 08:00:00,0.73975,0.6235,a,pdu6,False,False,26631.0,22446.000000000004
2019-05-15 09:00:00,0.7428333333333333,0.6224999999999999,a,pdu6,False,False,26742.0,22409.999999999996
2019-05-15 10:00:00,0.739,0.6203333333333333,a,pdu6,False,False,26604.0,22332.0
2019-05-15 11:00:00,0.738,0.6168333333333333,a,pdu6,False,False,26568.0,22206.0
2019-05-15 12:00:00,0.747,0.6171666666666666,a,pdu6,False,False,26892.0,22218.0
2019-05-15 13:00:00,0.7535,0.6183333333333333,a,pdu6,False,False,27125.999999999996,22260.0
2019-05-15 14:00:00,0.74225,0.6109166666666667,a,pdu6,False,False,26721.0,21993.0
2019-05-15 15:00:00,0.7468333333333333,0.6096666666666667,a,pdu6,False,False,26886.0,21948.0
2019-05-15 16:00:00,0.73725,0.60675,a,pdu6,False,False,26541.0,21843.0
2019-05-15 17:00:00,0.7192500000000001,0.603,a,pdu6,False,False,25893.000000000004,21708.0
2019-05-15 18:00:00,0.6905833333333334,0.6026666666666666,a,pdu6,False,False,24861.000000000004,21695.999999999996
2019-05-15 19:00:00,0.6767500000000001,0.6019166666666667,a,pdu6,False,False,24363.000000000004,21669.0
2019-05-15 20:00:00,0.7128333333333333,0.6005833333333334,a,pdu6,False,False,25662.0,21621.0
2019-05-15 21:00:00,0.7315833333333334,0.6023333333333333,a,pdu6,False,False,26337.0,21683.999999999996
2019-05-15 22:00:00,0.7204166666666666,0.6001666666666666,a,pdu6,False,False,25934.999999999996,21606.0
2019-05-15 23:00:00,0.7161666666666666,0.5981666666666666,a,pdu6,False,False,25782.0,21534.0
2019-05-16 00:00:00,0.7015833333333332,0.5981666666666666,a,pdu6,False,False,25256.999999999996,21534.0
2019-05-16 01:00:00,0.6960000000000001,0.6016666666666667,a,pdu6,False,False,25056.000000000004,21660.0
2019-05-16 02:00:00,0.71375,0.6014166666666666,a,pdu6,False,False,25695.0,21650.999999999996
2019-05-16 03:00:00,0.7146666666666667,0.6059166666666667,a,pdu6,False,False,25728.0,21813.0
2019-05-16 04:00:00,0.7364166666666666,0.6120833333333333,a,pdu6,False,False,26510.999999999996,22035.0
2019-05-16 05:00:00,0.7555000000000001,0.6139166666666667,a,pdu6,False,False,27198.000000000004,22101.0
2019-05-16 06:00:00,0.7535833333333333,0.6160833333333333,a,pdu6,False,False,27128.999999999996,22179.0
2019-05-16 07:00:00,0.7385833333333333,0.621,a,pdu6,False,False,26588.999999999996,22356.0
2019-05-16 08:00:00,0.7503333333333333,0.6295833333333333,a,pdu6,False,False,27012.0,22664.999999999996
2019-05-16 09:00:00,0.7545000000000001,0.62875,a,pdu6,False,False,27162.000000000004,22635.0
2019-05-16 10:00:00,0.7559166666666667,0.6265,a,pdu6,False,False,27213.0,22553.999999999996
2019-05-16 11:00:00,0.7549166666666666,0.6263333333333333,a,pdu6,False,False,27176.999999999996,22548.0
2019-05-16 12:00:00,0.75575,0.6248333333333334,a,pdu6,False,False,27207.0,22494.0
2019-05-16 13:00:00,0.7564166666666666,0.6248333333333334,a,pdu6,False,False,27231.0,22494.0
2019-05-16 14:00:00,0.7538333333333332,0.6193333333333334,a,pdu6,False,False,27137.999999999996,22296.000000000004
2019-05-16 15:00:00,0.7255833333333334,0.6103333333333333,a,pdu6,False,False,26121.0,21972.0
2019-05-16 16:00:00,0.73175,0.61025,a,pdu6,False,False,26343.0,21969.0
2019-05-16 17:00:00,0.72025,0.6104166666666667,a,pdu6,False,False,25928.999999999996,21975.000000000004
2019-05-16 18:00:00,0.7014166666666667,0.6044999999999999,a,pdu6,False,False,25251.0,21761.999999999996
2019-05-16 19:00:00,0.6714166666666667,0.60275,a,pdu6,False,False,24171.0,21699.0
2019-05-16 20:00:00,0.6737500000000001,0.5999166666666667,a,pdu6,False,False,24255.000000000004,21597.0
2019-05-16 21:00:00,0.6725833333333333,0.59875,a,pdu6,False,False,24213.0,21555.0
2019-05-16 22:00:00,0.69625,0.5988333333333333,a,pdu6,False,False,25065.0,21558.0
2019-05-16 23:00:00,0.7146666666666667,0.60025,a,pdu6,False,False,25728.0,21609.0
2019-05-17 00:00:00,0.7124166666666666,0.6004999999999999,a,pdu6,False,False,25646.999999999996,21617.999999999996
2019-05-17 01:00:00,0.715,0.6024166666666667,a,pdu6,False,False,25740.0,21687.0
2019-05-17 02:00:00,0.7200833333333333,0.6021666666666666,a,pdu6,False,False,25923.0,21678.0
2019-05-17 03:00:00,0.7178333333333332,0.6039166666666667,a,pdu6,False,False,25841.999999999996,21741.0
2019-05-17 04:00:00,0.7401666666666666,0.6139166666666667,a,pdu6,False,False,26646.0,22101.0
2019-05-17 05:00:00,0.7480833333333333,0.6138333333333333,a,pdu6,False,False,26931.0,22098.0
2019-05-17 06:00:00,0.7134999999999999,0.6114166666666666,a,pdu6,False,False,25685.999999999996,22010.999999999996
2019-05-17 07:00:00,0.7099166666666666,0.6143333333333333,a,pdu6,False,False,25557.0,22116.0
2019-05-17 08:00:00,0.7501666666666668,0.6198333333333333,a,pdu6,False,False,27006.000000000004,22314.0
2019-05-17 09:00:00,0.7535833333333333,0.6251666666666666,a,pdu6,False,False,27128.999999999996,22506.0
2019-05-17 10:00:00,0.7552500000000001,0.6260833333333333,a,pdu6,False,False,27189.000000000004,22539.0
2019-05-17 11:00:00,0.7578333333333332,0.6241666666666666,a,pdu6,False,False,27281.999999999996,22470.0
2019-05-17 12:00:00,0.753,0.6188333333333333,a,pdu6,False,False,27108.0,22278.0
2019-05-17 13:00:00,0.7434166666666666,0.6148333333333333,a,pdu6,False,False,26762.999999999996,22134.0
2019-05-17 14:00:00,0.74025,0.6175,a,pdu6,False,False,26649.0,22230.0
2019-05-17 15:00:00,0.7294166666666667,0.615,a,pdu6,False,False,26259.0,22140.0
2019-05-17 16:00:00,0.725,0.6126666666666667,a,pdu6,False,False,26100.0,22056.0
2019-05-17 17:00:00,0.7179166666666666,0.6114166666666666,a,pdu6,False,False,25845.0,22010.999999999996
2019-05-17 18:00:00,0.7058333333333334,0.6081666666666666,a,pdu6,False,False,25410.000000000004,21894.0
2019-05-17 19:00:00,0.69625,0.6054166666666666,a,pdu6,False,False,25065.0,21794.999999999996
2019-05-17 20:00:00,0.73225,0.60625,a,pdu6,False,False,26361.0,21825.0
2019-05-17 21:00:00,0.7338333333333332,0.6050833333333333,a,pdu6,False,False,26417.999999999996,21783.0
2019-05-17 22:00:00,0.7289166666666667,0.6035833333333332,a,pdu6,False,False,26241.0,21728.999999999996
2019-05-17 23:00:00,0.7214166666666667,0.6018333333333333,a,pdu6,False,False,25971.0,21666.0
2019-05-18 00:00:00,0.719,0.5995833333333332,a,pdu6,False,False,25884.0,21584.999999999996
2019-05-18 01:00:00,0.7134999999999999,0.5993333333333334,a,pdu6,False,False,25685.999999999996,21576.000000000004
2019-05-18 02:00:00,0.7204999999999999,0.5994166666666666,a,pdu6,False,False,25937.999999999996,21578.999999999996
2019-05-18 03:00:00,0.70775,0.599,a,pdu6,False,False,25479.0,21564.0
2019-05-18 04:00:00,0.7370833333333334,0.6050833333333333,a,pdu6,False,False,26535.000000000004,21783.0
2019-05-18 05:00:00,0.7279166666666667,0.604,a,pdu6,False,False,26205.0,21744.0
2019-05-18 06:00:00,0.7146666666666667,0.6040833333333333,a,pdu6,False,False,25728.0,21747.0
2019-05-18 07:00:00,0.7418333333333332,0.6085833333333334,a,pdu6,False,False,26705.999999999996,21909.0
2019-05-18 08:00:00,0.7346666666666666,0.609,a,pdu6,False,False,26447.999999999996,21924.0
2019-05-18 09:00:00,0.7330833333333334,0.6100833333333333,a,pdu6,False,False,26391.000000000004,21963.0
2019-05-18 10:00:00,0.7275833333333334,0.6074166666666666,a,pdu6,False,False,26193.0,21866.999999999996
2019-05-18 11:00:00,0.7243333333333334,0.6080833333333333,a,pdu6,False,False,26076.000000000004,21891.0
2019-05-18 12:00:00,0.71525,0.6059166666666667,a,pdu6,False,False,25749.000000000004,21813.0
2019-05-18 13:00:00,0.7224166666666667,0.6059166666666667,a,pdu6,False,False,26007.0,21813.0
2019-05-18 14:00:00,0.7285833333333334,0.6075,a,pdu6,False,False,26229.0,21870.0
2019-05-18 15:00:00,0.7305833333333333,0.60675,a,pdu6,False,False,26300.999999999996,21843.0
2019-05-18 16:00:00,0.7351666666666666,0.6043333333333333,a,pdu6,False,False,26466.0,21755.999999999996
2019-05-18 17:00:00,0.7363333333333334,0.6061666666666666,a,pdu6,False,False,26508.000000000004,21822.0
2019-05-18 18:00:00,0.7085833333333333,0.6015833333333332,a,pdu6,False,False,25509.0,21656.999999999996
2019-05-18 19:00:00,0.6818333333333334,0.6000833333333333,a,pdu6,False,False,24546.000000000004,21603.0
2019-05-18 20:00:00,0.7150833333333333,0.6003333333333333,a,pdu6,False,False,25743.0,21611.999999999996
2019-05-18 21:00:00,0.7193333333333333,0.6010833333333333,a,pdu6,False,False,25895.999999999996,21639.0
2019-05-18 22:00:00,0.7176666666666667,0.5999166666666667,a,pdu6,False,False,25836.0,21597.0
2019-05-18 23:00:00,0.7201666666666666,0.6015,a,pdu6,False,False,25926.0,21654.0
2019-05-19 00:00:00,0.7045833333333333,0.5999166666666667,a,pdu6,False,False,25365.0,21597.0
2019-05-19 01:00:00,0.6973333333333334,0.5991666666666666,a,pdu6,False,False,25104.0,21570.0
2019-05-19 02:00:00,0.6866666666666666,0.5974166666666666,a,pdu6,False,False,24720.0,21506.999999999996
2019-05-19 03:00:00,0.6791666666666667,0.5969166666666667,a,pdu6,False,False,24450.0,21489.0
2019-05-19 04:00:00,0.6815000000000001,0.59975,a,pdu6,False,False,24534.000000000004,21591.0
2019-05-19 05:00:00,0.7206666666666667,0.60675,a,pdu6,False,False,25944.0,21843.0
2019-05-19 06:00:00,0.69475,0.6054166666666666,a,pdu6,False,False,25011.0,21794.999999999996
2019-05-19 07:00:00,0.7393333333333333,0.6095833333333333,a,pdu6,False,False,26616.0,21944.999999999996
2019-05-19 08:00:00,0.7344166666666667,0.6118333333333333,a,pdu6,False,False,26439.000000000004,22026.0
2019-05-19 09:00:00,0.7370833333333334,0.6130833333333333,a,pdu6,False,False,26535.000000000004,22071.0
2019-05-19 10:00:00,0.73575,0.6106666666666666,a,pdu6,False,False,26487.0,21983.999999999996
2019-05-19 11:00:00,0.7236666666666666,0.60475,a,pdu6,False,False,26051.999999999996,21771.0
2019-05-19 12:00:00,0.6967500000000001,0.6036666666666667,a,pdu6,False,False,25083.000000000004,21732.0
2019-05-19 13:00:00,0.6934166666666667,0.6036666666666667,a,pdu6,False,False,24963.0,21732.0
2019-05-19 14:00:00,0.7055833333333332,0.6025833333333334,a,pdu6,False,False,25400.999999999996,21693.0
2019-05-19 15:00:00,0.7047499999999999,0.6004166666666667,a,pdu6,False,False,25370.999999999996,21615.0
2019-05-19 16:00:00,0.7119166666666666,0.598,a,pdu6,False,False,25629.0,21528.0
2019-05-19 17:00:00,0.6955,0.5949166666666666,a,pdu6,False,False,25038.0,21417.0
2019-05-19 18:00:00,0.6655000000000001,0.5925833333333334,a,pdu6,False,False,23958.000000000004,21333.0
2019-05-19 19:00:00,0.7061666666666667,0.59525,a,pdu6,False,False,25422.000000000004,21428.999999999996
2019-05-19 20:00:00,0.6983333333333333,0.5933333333333333,a,pdu6,False,False,25139.999999999996,21359.999999999996
2019-05-19 21:00:00,0.6964999999999999,0.595,a,pdu6,False,False,25073.999999999996,21420.0
2019-05-19 22:00:00,0.7110833333333333,0.6000833333333333,a,pdu6,False,False,25599.0,21603.0
2019-05-19 23:00:00,0.6815000000000001,0.59625,a,pdu6,False,False,24534.000000000004,21464.999999999996
2019-05-20 00:00:00,0.6839166666666667,0.5950833333333333,a,pdu6,False,False,24621.000000000004,21423.0
2019-05-20 01:00:00,0.6990833333333333,0.5989166666666667,a,pdu6,False,False,25166.999999999996,21561.0
2019-05-20 02:00:00,0.71175,0.5998333333333333,a,pdu6,False,False,25623.0,21594.0
2019-05-20 03:00:00,0.7035,0.5991666666666666,a,pdu6,False,False,25326.0,21570.0
2019-05-20 04:00:00,0.7324999999999999,0.6056666666666667,a,pdu6,False,False,26369.999999999996,21804.0
2019-05-20 05:00:00,0.7404166666666666,0.6104166666666667,a,pdu6,False,False,26654.999999999996,21975.000000000004
2019-05-20 06:00:00,0.7408333333333333,0.6124166666666667,a,pdu6,False,False,26670.0,22047.000000000004
2019-05-20 07:00:00,0.7475833333333334,0.6160833333333333,a,pdu6,False,False,26913.0,22179.0
2019-05-20 08:00:00,0.74025,0.616,a,pdu6,False,False,26649.0,22176.0
2019-05-20 09:00:00,0.7345,0.6188333333333333,a,pdu6,False,False,26442.0,22278.0
2019-05-20 10:00:00,0.7395,0.6180833333333333,a,pdu6,False,False,26622.0,22251.0
2019-05-20 11:00:00,0.74575,0.6196666666666667,a,pdu6,False,False,26847.0,22308.0
2019-05-20 12:00:00,0.7488333333333334,0.6174166666666666,a,pdu6,False,False,26958.0,22226.999999999996
2019-05-20 13:00:00,0.73825,0.6141666666666666,a,pdu6,False,False,26577.0,22110.0
2019-05-20 14:00:00,0.74375,0.6108333333333333,a,pdu6,False,False,26775.0,21990.0
2019-05-20 15:00:00,0.7328333333333333,0.6101666666666666,a,pdu6,False,False,26382.0,21966.0
2019-05-20 16:00:00,0.7409166666666667,0.6075,a,pdu6,False,False,26673.0,21870.0
2019-05-20 17:00:00,0.7295833333333333,0.6076666666666667,a,pdu6,False,False,26264.999999999996,21876.0
2019-05-20 18:00:00,0.6897500000000001,0.6010833333333333,a,pdu6,False,False,24831.000000000004,21639.0
2019-05-20 19:00:00,0.68425,0.6004166666666667,a,pdu6,False,False,24633.0,21615.0
2019-05-20 20:00:00,0.6967499999999999,0.5998333333333333,a,pdu6,False,False,25082.999999999996,21594.0
2019-05-20 21:00:00,0.7141666666666667,0.5995833333333332,a,pdu6,False,False,25710.000000000004,21584.999999999996
2019-05-20 22:00:00,0.71875,0.6000833333333333,a,pdu6,False,False,25875.0,21603.0
2019-05-20 23:00:00,0.6999999999999998,0.5990833333333333,a,pdu6,False,False,25199.999999999993,21567.0
2019-05-21 00:00:00,0.7034166666666666,0.6013333333333333,a,pdu6,False,False,25322.999999999996,21647.999999999996
2019-05-21 01:00:00,0.694,0.6006666666666667,a,pdu6,False,False,24984.0,21624.0
2019-05-21 02:00:00,0.6976666666666667,0.6001666666666666,a,pdu6,False,False,25116.0,21606.0
2019-05-21 03:00:00,0.6871666666666667,0.6005833333333334,a,pdu6,False,False,24738.0,21621.0
2019-05-21 04:00:00,0.6881666666666666,0.6046666666666667,a,pdu6,False,False,24773.999999999996,21768.0
2019-05-21 05:00:00,0.7269166666666665,0.6134166666666666,a,pdu6,False,False,26168.999999999996,22082.999999999996
2019-05-21 06:00:00,0.7230833333333333,0.6116666666666667,a,pdu6,False,False,26031.0,22020.0
2019-05-21 07:00:00,0.719,0.6110833333333333,a,pdu6,False,False,25884.0,21999.0
2019-05-21 08:00:00,0.7001666666666666,0.6124166666666667,a,pdu6,False,False,25205.999999999996,22047.000000000004
2019-05-21 09:00:00,0.7003333333333334,0.6091666666666666,a,pdu6,False,False,25212.0,21930.0
2019-05-21 10:00:00,0.73875,0.6156666666666667,a,pdu6,False,False,26595.0,22164.0
2019-05-21 11:00:00,0.74525,0.6164999999999999,a,pdu6,False,False,26829.0,22193.999999999996
2019-05-21 12:00:00,0.7433333333333333,0.6136666666666667,a,pdu6,False,False,26760.0,22092.0
2019-05-21 13:00:00,0.74125,0.6111666666666666,a,pdu6,False,False,26685.0,22002.0
2019-05-21 14:00:00,0.73,0.60675,a,pdu6,False,False,26280.0,21843.0
2019-05-21 15:00:00,0.7293333333333333,0.6064166666666667,a,pdu6,False,False,26255.999999999996,21831.0
2019-05-21 16:00:00,0.7239999999999999,0.6049166666666667,a,pdu6,False,False,26063.999999999996,21777.0
2019-05-21 17:00:00,0.72025,0.6044999999999999,a,pdu6,False,False,25928.999999999996,21761.999999999996
2019-05-21 18:00:00,0.7091666666666666,0.60225,a,pdu6,False,False,25529.999999999996,21681.0
2019-05-21 19:00:00,0.6721666666666667,0.5989166666666667,a,pdu6,False,False,24198.0,21561.0
2019-05-21 20:00:00,0.6508333333333334,0.5956666666666667,a,pdu6,False,False,23430.0,21444.0
2019-05-21 21:00:00,0.67,0.5963333333333333,a,pdu6,False,False,24120.0,21467.999999999996
2019-05-21 22:00:00,0.6985,0.5959166666666667,a,pdu6,False,False,25146.0,21453.0
2019-05-21 23:00:00,0.6875,0.5951666666666666,a,pdu6,False,False,24750.0,21426.0
2019-05-22 00:00:00,0.6999999999999998,0.5959166666666667,a,pdu6,False,False,25199.999999999993,21453.0
2019-05-22 01:00:00,0.6880000000000001,0.5981666666666666,a,pdu6,False,False,24768.000000000004,21534.0
2019-05-22 02:00:00,0.6874166666666667,0.5983333333333333,a,pdu6,False,False,24747.0,21539.999999999996
2019-05-22 03:00:00,0.6915,0.6000833333333333,a,pdu6,False,False,24894.0,21603.0
2019-05-22 04:00:00,0.7025833333333332,0.6045833333333334,a,pdu6,False,False,25292.999999999996,21765.0
2019-05-22 05:00:00,0.7175833333333332,0.6085833333333334,a,pdu6,False,False,25832.999999999996,21909.0
2019-05-22 06:00:00,0.7086666666666667,0.6100833333333333,a,pdu6,False,False,25512.0,21963.0
2019-05-22 07:00:00,0.7205833333333334,0.6129166666666667,a,pdu6,False,False,25941.0,22065.0
2019-05-22 08:00:00,0.7018333333333332,0.6088333333333333,a,pdu6,False,False,25265.999999999996,21918.0
2019-05-22 09:00:00,0.6927500000000001,0.6070833333333333,a,pdu6,False,False,24939.000000000004,21855.0
2019-05-22 10:00:00,0.6734166666666667,0.60575,a,pdu6,False,False,24243.0,21807.0
2019-05-22 11:00:00,0.7331666666666666,0.61875,a,pdu6,False,False,26394.0,22275.0
2019-05-22 12:00:00,0.73175,0.6115833333333333,a,pdu6,False,False,26343.0,22016.999999999996
2019-05-22 13:00:00,0.7261666666666667,0.61125,a,pdu6,False,False,26142.000000000004,22005.0
2019-05-22 14:00:00,0.7209166666666667,0.60825,a,pdu6,False,False,25953.0,21897.0
2019-05-22 15:00:00,0.7195833333333334,0.60875,a,pdu6,False,False,25905.0,21915.0
2019-05-22 16:00:00,0.7223333333333333,0.607,a,pdu6,False,False,26003.999999999996,21852.0
2019-05-22 17:00:00,0.7258333333333332,0.6068333333333333,a,pdu6,False,False,26129.999999999996,21846.0
2019-05-22 18:00:00,0.7203333333333334,0.6016666666666667,a,pdu6,False,False,25932.0,21660.0
2019-05-22 19:00:00,0.7156666666666666,0.60025,a,pdu6,False,False,25763.999999999996,21609.0
2019-05-22 20:00:00,0.662,0.59725,a,pdu6,False,False,23832.0,21500.999999999996
2019-05-22 21:00:00,0.6956666666666668,0.5970833333333333,a,pdu6,False,False,25044.000000000004,21495.0
2019-05-22 22:00:00,0.7048333333333333,0.597,a,pdu6,False,False,25374.0,21492.0
2019-05-22 23:00:00,0.718,0.5975833333333332,a,pdu6,False,False,25848.0,21512.999999999996
2019-05-23 00:00:00,0.7043333333333334,0.5965833333333334,a,pdu6,False,False,25356.0,21477.0
2019-05-23 01:00:00,0.6923333333333334,0.5974166666666666,a,pdu6,False,False,24924.0,21506.999999999996
2019-05-23 02:00:00,0.6950833333333333,0.6,a,pdu6,False,False,25022.999999999996,21600.0
2019-05-23 03:00:00,0.7174999999999999,0.6014166666666666,a,pdu6,False,False,25829.999999999996,21650.999999999996
2019-05-23 04:00:00,0.7286666666666667,0.6030833333333333,a,pdu6,False,False,26232.0,21711.0
2019-05-23 05:00:00,0.7153333333333333,0.6024999999999999,a,pdu6,False,False,25751.999999999996,21689.999999999996
2019-05-23 06:00:00,0.70725,0.605,a,pdu6,False,False,25461.0,21780.0
2019-05-23 07:00:00,0.7168333333333333,0.6068333333333333,a,pdu6,False,False,25806.0,21846.0
2019-05-23 08:00:00,0.706,0.60825,a,pdu6,False,False,25416.0,21897.0
2019-05-23 09:00:00,0.7113333333333333,0.6083333333333333,a,pdu6,False,False,25607.999999999996,21899.999999999996
2019-05-23 10:00:00,0.7326666666666667,0.6134166666666666,a,pdu6,False,False,26376.0,22082.999999999996
2019-05-23 11:00:00,0.72975,0.6099166666666667,a,pdu6,False,False,26271.0,21957.0
2019-05-23 12:00:00,0.7333333333333334,0.6123333333333333,a,pdu6,False,False,26400.000000000004,22044.0
2019-05-23 13:00:00,0.729,0.6093333333333333,a,pdu6,False,False,26244.0,21935.999999999996
2019-05-23 14:00:00,0.7185,0.6035833333333332,a,pdu6,False,False,25866.0,21728.999999999996
2019-05-23 15:00:00,0.7190833333333333,0.6090833333333333,a,pdu6,False,False,25887.0,21927.0
2019-05-23 16:00:00,0.7225,0.6084999999999999,a,pdu6,False,False,26010.0,21905.999999999996
2019-05-23 17:00:00,0.73175,0.6136666666666667,a,pdu6,False,False,26343.0,22092.0
2019-05-23 18:00:00,0.7319166666666667,0.6079166666666667,a,pdu6,False,False,26349.0,21885.0
2019-05-23 19:00:00,0.71075,0.6015,a,pdu6,False,False,25587.0,21654.0
2019-05-23 20:00:00,0.6637500000000001,0.5971666666666666,a,pdu6,False,False,23895.000000000004,21498.0
2019-05-23 21:00:00,0.6785833333333334,0.5975,a,pdu6,False,False,24429.000000000004,21510.0
2019-05-23 22:00:00,0.7002499999999999,0.5993333333333334,a,pdu6,False,False,25208.999999999996,21576.000000000004
2019-05-23 23:00:00,0.7069166666666665,0.6024999999999999,a,pdu6,False,False,25448.999999999996,21689.999999999996
2019-05-24 00:00:00,0.7016666666666667,0.6049166666666667,a,pdu6,False,False,25260.0,21777.0
2019-05-24 01:00:00,0.7092499999999999,0.6053333333333333,a,pdu6,False,False,25532.999999999996,21791.999999999996
2019-05-24 02:00:00,0.7130833333333334,0.6059166666666667,a,pdu6,False,False,25671.000000000004,21813.0
2019-05-24 03:00:00,0.7114166666666666,0.60725,a,pdu6,False,False,25610.999999999996,21861.0
2019-05-24 04:00:00,0.71075,0.61025,a,pdu6,False,False,25587.0,21969.0
2019-05-24 05:00:00,0.7186666666666666,0.6146666666666666,a,pdu6,False,False,25871.999999999996,22127.999999999996
2019-05-24 06:00:00,0.7104166666666667,0.6138333333333333,a,pdu6,False,False,25575.0,22098.0
2019-05-24 07:00:00,0.70975,0.6139166666666667,a,pdu6,False,False,25551.0,22101.0
2019-05-24 08:00:00,0.7115833333333333,0.6141666666666666,a,pdu6,False,False,25617.0,22110.0
2019-05-24 09:00:00,0.72025,0.6200833333333333,a,pdu6,False,False,25928.999999999996,22323.0
2019-05-24 10:00:00,0.7352500000000001,0.6195833333333333,a,pdu6,False,False,26469.000000000004,22304.999999999996
2019-05-24 11:00:00,0.7335833333333333,0.6186666666666666,a,pdu6,False,False,26408.999999999996,22271.999999999996
2019-05-24 12:00:00,0.7415833333333333,0.6195,a,pdu6,False,False,26696.999999999996,22302.000000000004
2019-05-24 13:00:00,0.7414166666666667,0.6165833333333334,a,pdu6,False,False,26691.000000000004,22197.0
2019-05-24 14:00:00,0.7395833333333334,0.6168333333333333,a,pdu6,False,False,26625.0,22206.0
2019-05-24 15:00:00,0.735,0.6133333333333333,a,pdu6,False,False,26460.0,22080.0
2019-05-24 16:00:00,0.7304166666666667,0.6084999999999999,a,pdu6,False,False,26295.0,21905.999999999996
2019-05-24 17:00:00,0.7271666666666666,0.6071666666666666,a,pdu6,False,False,26178.0,21858.0
2019-05-24 18:00:00,0.714,0.6035,a,pdu6,False,False,25704.0,21726.0
2019-05-24 19:00:00,0.6520833333333333,0.6014166666666666,a,pdu6,False,False,23475.0,21650.999999999996
2019-05-24 20:00:00,0.685,0.6029166666666667,a,pdu6,False,False,24660.000000000004,21705.0
2019-05-24 21:00:00,0.7011666666666666,0.6043333333333333,a,pdu6,False,False,25241.999999999996,21755.999999999996
2019-05-24 22:00:00,0.6969166666666666,0.6024999999999999,a,pdu6,False,False,25089.0,21689.999999999996
2019-05-24 23:00:00,0.6948333333333333,0.6019166666666667,a,pdu6,False,False,25014.0,21669.0
2019-05-25 00:00:00,0.6873333333333332,0.6003333333333333,a,pdu6,False,False,24743.999999999996,21611.999999999996
2019-05-25 01:00:00,0.7035,0.603,a,pdu6,False,False,25326.0,21708.0
2019-05-25 02:00:00,0.7054166666666667,0.6034166666666666,a,pdu6,False,False,25395.0,21722.999999999996
2019-05-25 03:00:00,0.7069166666666665,0.6043333333333333,a,pdu6,False,False,25448.999999999996,21755.999999999996
2019-05-25 04:00:00,0.7126666666666667,0.6064166666666667,a,pdu6,False,False,25656.0,21831.0
2019-05-25 05:00:00,0.7258333333333332,0.6075,a,pdu6,False,False,26129.999999999996,21870.0
2019-05-25 06:00:00,0.7286666666666667,0.6099166666666667,a,pdu6,False,False,26232.0,21957.0
2019-05-25 07:00:00,0.7264166666666667,0.6116666666666667,a,pdu6,False,False,26151.0,22020.0
2019-05-25 08:00:00,0.7315,0.611,a,pdu6,False,False,26334.0,21996.0
2019-05-25 09:00:00,0.7319999999999999,0.614,a,pdu6,False,False,26351.999999999996,22104.0
2019-05-25 10:00:00,0.7310833333333333,0.6115,a,pdu6,False,False,26319.0,22014.0
2019-05-25 11:00:00,0.7281666666666666,0.6091666666666666,a,pdu6,False,False,26214.0,21930.0
2019-05-25 12:00:00,0.7264166666666667,0.60575,a,pdu6,False,False,26151.0,21807.0
2019-05-25 13:00:00,0.7223333333333333,0.60275,a,pdu6,False,False,26003.999999999996,21699.0
2019-05-25 14:00:00,0.7141666666666667,0.6004166666666667,a,pdu6,False,False,25710.000000000004,21615.0
2019-05-25 15:00:00,0.7018333333333332,0.5979166666666667,a,pdu6,False,False,25265.999999999996,21525.0
2019-05-25 16:00:00,0.7126666666666667,0.5983333333333333,a,pdu6,False,False,25656.0,21539.999999999996
2019-05-25 17:00:00,0.7223333333333333,0.6014166666666666,a,pdu6,False,False,26003.999999999996,21650.999999999996
2019-05-25 18:00:00,0.6933333333333334,0.5966666666666667,a,pdu6,False,False,24960.0,21480.0
2019-05-25 19:00:00,0.7019166666666666,0.599,a,pdu6,False,False,25269.0,21564.0
2019-05-25 20:00:00,0.6930833333333334,0.5978333333333333,a,pdu6,False,False,24951.000000000004,21522.0
2019-05-25 21:00:00,0.7204166666666666,0.59925,a,pdu6,False,False,25934.999999999996,21572.999999999996
2019-05-25 22:00:00,0.7028333333333333,0.595,a,pdu6,False,False,25302.0,21420.0
2019-05-25 23:00:00,0.6898333333333334,0.59425,a,pdu6,False,False,24834.000000000004,21392.999999999996
2019-05-26 00:00:00,0.6971666666666666,0.5950833333333333,a,pdu6,False,False,25097.999999999996,21423.0
2019-05-26 01:00:00,0.7109166666666665,0.5989166666666667,a,pdu6,False,False,25592.999999999996,21561.0
2019-05-26 02:00:00,0.7002499999999999,0.5971666666666666,a,pdu6,False,False,25208.999999999996,21498.0
2019-05-26 03:00:00,0.6928333333333333,0.5954166666666666,a,pdu6,False,False,24942.0,21434.999999999996
2019-05-26 04:00:00,0.6998333333333333,0.5975833333333332,a,pdu6,False,False,25194.0,21512.999999999996
2019-05-26 05:00:00,0.7290833333333334,0.6019166666666667,a,pdu6,False,False,26247.000000000004,21669.0
2019-05-26 06:00:00,0.7326666666666667,0.6035833333333332,a,pdu6,False,False,26376.0,21728.999999999996
2019-05-26 07:00:00,0.7271666666666666,0.6031666666666666,a,pdu6,False,False,26178.0,21714.0
2019-05-26 08:00:00,0.737,0.6084166666666667,a,pdu6,False,False,26532.0,21903.0
2019-05-26 09:00:00,0.7346666666666666,0.6070833333333333,a,pdu6,False,False,26447.999999999996,21855.0
2019-05-26 10:00:00,0.739,0.6066666666666666,a,pdu6,False,False,26604.0,21839.999999999996
2019-05-26 11:00:00,0.73875,0.6055,a,pdu6,False,False,26595.0,21798.0
2019-05-26 12:00:00,0.7312500000000001,0.6020833333333333,a,pdu6,False,False,26325.000000000004,21675.0
2019-05-26 13:00:00,0.72825,0.6009166666666667,a,pdu6,False,False,26217.0,21633.0
2019-05-26 14:00:00,0.7135833333333332,0.59875,a,pdu6,False,False,25688.999999999996,21555.0
2019-05-26 15:00:00,0.7083333333333334,0.597,a,pdu6,False,False,25500.0,21492.0
2019-05-26 16:00:00,0.7070833333333333,0.5968333333333333,a,pdu6,False,False,25455.0,21486.0
2019-05-26 17:00:00,0.7120000000000001,0.5983333333333333,a,pdu6,False,False,25632.000000000004,21539.999999999996
2019-05-26 18:00:00,0.6978333333333334,0.5950833333333333,a,pdu6,False,False,25122.000000000004,21423.0
2019-05-26 19:00:00,0.7156666666666666,0.5941666666666666,a,pdu6,False,False,25763.999999999996,21390.0
2019-05-26 20:00:00,0.7125833333333333,0.5943333333333333,a,pdu6,False,False,25653.0,21395.999999999996
2019-05-26 21:00:00,0.6776666666666666,0.5916666666666667,a,pdu6,False,False,24396.0,21300.0
2019-05-26 22:00:00,0.6921666666666666,0.59275,a,pdu6,False,False,24917.999999999996,21339.0
2019-05-26 23:00:00,0.6783333333333333,0.5925833333333334,a,pdu6,False,False,24420.0,21333.0
2019-05-27 00:00:00,0.669,0.5939166666666666,a,pdu6,False,False,24084.0,21381.0
2019-05-27 01:00:00,0.6905,0.597,a,pdu6,False,False,24858.0,21492.0
2019-05-27 02:00:00,0.7005833333333333,0.5989166666666667,a,pdu6,False,False,25221.0,21561.0
2019-05-27 03:00:00,0.7056666666666667,0.5998333333333333,a,pdu6,False,False,25404.0,21594.0
2019-05-27 04:00:00,0.7174166666666667,0.6013333333333333,a,pdu6,False,False,25827.0,21647.999999999996
2019-05-27 05:00:00,0.7420833333333333,0.6063333333333333,a,pdu6,False,False,26715.0,21827.999999999996
2019-05-27 06:00:00,0.7444999999999999,0.6085833333333334,a,pdu6,False,False,26801.999999999996,21909.0
2019-05-27 07:00:00,0.7004166666666666,0.6068333333333333,a,pdu6,False,False,25214.999999999996,21846.0
2019-05-27 08:00:00,0.699,0.605,a,pdu6,False,False,25164.0,21780.0
2019-05-27 09:00:00,0.7313333333333333,0.60975,a,pdu6,False,False,26327.999999999996,21951.0
2019-05-27 10:00:00,0.735,0.60875,a,pdu6,False,False,26460.0,21915.0
2019-05-27 11:00:00,0.73425,0.6053333333333333,a,pdu6,False,False,26433.0,21791.999999999996
2019-05-27 12:00:00,0.7349166666666666,0.60425,a,pdu6,False,False,26456.999999999996,21753.0
2019-05-27 13:00:00,0.7330833333333334,0.603,a,pdu6,False,False,26391.000000000004,21708.0
2019-05-27 14:00:00,0.7235,0.5974166666666666,a,pdu6,False,False,26046.0,21506.999999999996
2019-05-27 15:00:00,0.7230833333333333,0.5964166666666667,a,pdu6,False,False,26031.0,21471.0
2019-05-27 16:00:00,0.7254166666666667,0.5981666666666666,a,pdu6,False,False,26115.0,21534.0
2019-05-27 17:00:00,0.7238333333333333,0.5971666666666666,a,pdu6,False,False,26058.0,21498.0
2019-05-27 18:00:00,0.6905833333333334,0.596,a,pdu6,False,False,24861.000000000004,21456.0
2019-05-27 19:00:00,0.65375,0.5965833333333334,a,pdu6,False,False,23535.000000000004,21477.0
2019-05-27 20:00:00,0.6651666666666667,0.5943333333333333,a,pdu6,False,False,23946.0,21395.999999999996
2019-05-27 21:00:00,0.6795,0.59375,a,pdu6,False,False,24462.0,21375.0
2019-05-27 22:00:00,0.7120833333333333,0.59775,a,pdu6,False,False,25635.0,21519.0
2019-05-27 23:00:00,0.6707500000000001,0.5964166666666667,a,pdu6,False,False,24147.000000000004,21471.0
2019-05-28 00:00:00,0.6805,0.60125,a,pdu6,False,False,24498.0,21645.0
2019-05-28 01:00:00,0.6764166666666668,0.6014166666666666,a,pdu6,False,False,24351.000000000004,21650.999999999996
2019-05-28 02:00:00,0.6695000000000001,0.6024999999999999,a,pdu6,False,False,24102.000000000004,21689.999999999996
2019-05-28 03:00:00,0.6855833333333333,0.6051666666666666,a,pdu6,False,False,24681.0,21786.0
2019-05-28 04:00:00,0.713,0.61225,a,pdu6,False,False,25668.0,22041.0
2019-05-28 05:00:00,0.71975,0.6149166666666667,a,pdu6,False,False,25911.0,22137.0
2019-05-28 06:00:00,0.7275833333333334,0.6168333333333333,a,pdu6,False,False,26193.0,22206.0
2019-05-28 07:00:00,0.7051666666666666,0.6164999999999999,a,pdu6,False,False,25385.999999999996,22193.999999999996
2019-05-28 08:00:00,0.6988333333333333,0.6155,a,pdu6,False,False,25158.0,22158.0
2019-05-28 09:00:00,0.7148333333333333,0.6175,a,pdu6,False,False,25734.0,22230.0
2019-05-28 10:00:00,0.7363333333333334,0.6179166666666667,a,pdu6,False,False,26508.000000000004,22245.0
2019-05-28 11:00:00,0.7350833333333333,0.6163333333333333,a,pdu6,False,False,26463.0,22188.0
2019-05-28 12:00:00,0.7327499999999999,0.6124999999999999,a,pdu6,False,False,26378.999999999996,22049.999999999996
2019-05-28 13:00:00,0.7287499999999999,0.6094166666666666,a,pdu6,False,False,26234.999999999996,21938.999999999996
2019-05-28 14:00:00,0.733,0.6080833333333333,a,pdu6,False,False,26388.0,21891.0
2019-05-28 15:00:00,0.7207499999999999,0.60575,a,pdu6,False,False,25946.999999999996,21807.0
2019-05-28 16:00:00,0.7255833333333332,0.60725,a,pdu6,False,False,26120.999999999996,21861.0
2019-05-28 17:00:00,0.73225,0.6104166666666667,a,pdu6,False,False,26361.0,21975.000000000004
2019-05-28 18:00:00,0.7304166666666667,0.6086666666666667,a,pdu6,False,False,26295.0,21912.0
2019-05-28 19:00:00,0.6988333333333333,0.60725,a,pdu6,False,False,25158.0,21861.0
2019-05-28 20:00:00,0.7182499999999999,0.6101666666666666,a,pdu6,False,False,25856.999999999996,21966.0
2019-05-28 21:00:00,0.733,0.6104166666666667,a,pdu6,False,False,26388.0,21975.000000000004
2019-05-28 22:00:00,0.7351666666666666,0.6106666666666666,a,pdu6,False,False,26466.0,21983.999999999996
2019-05-28 23:00:00,0.7329166666666667,0.6073333333333334,a,pdu6,False,False,26385.0,21864.000000000004
2019-05-29 00:00:00,0.7290833333333334,0.6015833333333332,a,pdu6,False,False,26247.000000000004,21656.999999999996
2019-05-29 01:00:00,0.72375,0.6015,a,pdu6,False,False,26055.0,21654.0
2019-05-29 02:00:00,0.7238333333333333,0.6034166666666666,a,pdu6,False,False,26058.0,21722.999999999996
2019-05-29 03:00:00,0.7312500000000001,0.6044999999999999,a,pdu6,False,False,26325.000000000004,21761.999999999996
2019-05-29 04:00:00,0.7326666666666667,0.6084999999999999,a,pdu6,False,False,26376.0,21905.999999999996
2019-05-29 05:00:00,0.7316666666666666,0.6105833333333334,a,pdu6,False,False,26339.999999999996,21981.0
2019-05-29 06:00:00,0.7314166666666666,0.612,a,pdu6,False,False,26330.999999999996,22032.0
2019-05-29 07:00:00,0.71525,0.60925,a,pdu6,False,False,25749.000000000004,21933.0
2019-05-29 08:00:00,0.69875,0.6098333333333333,a,pdu6,False,False,25155.0,21954.0
2019-05-29 09:00:00,0.71575,0.612,a,pdu6,False,False,25767.0,22032.0
2019-05-29 10:00:00,0.7310833333333333,0.6109166666666667,a,pdu6,False,False,26319.0,21993.0
2019-05-29 11:00:00,0.7239166666666667,0.6063333333333333,a,pdu6,False,False,26061.0,21827.999999999996
2019-05-29 12:00:00,0.7239166666666667,0.6069166666666667,a,pdu6,False,False,26061.0,21849.0
2019-05-29 13:00:00,0.7246666666666667,0.6046666666666667,a,pdu6,False,False,26088.0,21768.0
2019-05-29 14:00:00,0.7241666666666666,0.6019166666666667,a,pdu6,False,False,26070.0,21669.0
2019-05-29 15:00:00,0.7239166666666667,0.6016666666666667,a,pdu6,False,False,26061.0,21660.0
2019-05-29 16:00:00,0.7258333333333332,0.5999166666666667,a,pdu6,False,False,26129.999999999996,21597.0
2019-05-29 17:00:00,0.7284166666666666,0.6031666666666666,a,pdu6,False,False,26222.999999999996,21714.0
2019-05-29 18:00:00,0.727,0.6016666666666667,a,pdu6,False,False,26172.0,21660.0
2019-05-29 19:00:00,0.7026666666666667,0.59975,a,pdu6,False,False,25296.0,21591.0
2019-05-29 20:00:00,0.643,0.5975,a,pdu6,False,False,23148.0,21510.0
2019-05-29 21:00:00,0.6486666666666667,0.59725,a,pdu6,False,False,23352.000000000004,21500.999999999996
2019-05-29 22:00:00,0.6918333333333333,0.59825,a,pdu6,False,False,24906.0,21536.999999999996
2019-05-29 23:00:00,0.6849166666666667,0.5956666666666667,a,pdu6,False,False,24657.000000000004,21444.0
2019-05-30 00:00:00,0.6924166666666666,0.5988333333333333,a,pdu6,False,False,24926.999999999996,21558.0
2019-05-30 01:00:00,0.7083333333333334,0.60225,a,pdu6,False,False,25500.0,21681.0
2019-05-30 02:00:00,0.71525,0.60025,a,pdu6,False,False,25749.000000000004,21609.0
2019-05-30 03:00:00,0.7245833333333334,0.6014166666666666,a,pdu6,False,False,26085.0,21650.999999999996
2019-05-30 04:00:00,0.73,0.6056666666666667,a,pdu6,False,False,26280.0,21804.0
2019-05-30 05:00:00,0.7256666666666667,0.6064166666666667,a,pdu6,False,False,26124.0,21831.0
2019-05-30 06:00:00,0.7134999999999999,0.6106666666666666,a,pdu6,False,False,25685.999999999996,21983.999999999996
2019-05-30 07:00:00,0.7012499999999999,0.6121666666666666,a,pdu6,False,False,25244.999999999996,22038.0
2019-05-30 08:00:00,0.6880833333333333,0.61025,a,pdu6,False,False,24770.999999999996,21969.0
2019-05-30 09:00:00,0.6995833333333333,0.6150833333333333,a,pdu6,False,False,25185.0,22143.0
2019-05-30 10:00:00,0.7318333333333333,0.6168333333333333,a,pdu6,False,False,26346.0,22206.0
2019-05-30 11:00:00,0.7248333333333333,0.615,a,pdu6,False,False,26094.0,22140.0
2019-05-30 12:00:00,0.72175,0.6144999999999999,a,pdu6,False,False,25983.0,22121.999999999996
2019-05-30 13:00:00,0.7289166666666667,0.6135,a,pdu6,False,False,26241.0,22086.0
2019-05-30 14:00:00,0.722,0.6106666666666666,a,pdu6,False,False,25992.0,21983.999999999996
2019-05-30 15:00:00,0.7203333333333334,0.6058333333333333,a,pdu6,False,False,25932.0,21810.0
2019-05-30 16:00:00,0.7228333333333333,0.6064166666666667,a,pdu6,False,False,26022.0,21831.0
2019-05-30 17:00:00,0.7226666666666667,0.6060833333333333,a,pdu6,False,False,26016.0,21819.0
2019-05-30 18:00:00,0.7014166666666667,0.6044999999999999,a,pdu6,False,False,25251.0,21761.999999999996
2019-05-30 19:00:00,0.6861666666666667,0.60025,a,pdu6,False,False,24702.0,21609.0
2019-05-30 20:00:00,0.7091666666666666,0.6015833333333332,a,pdu6,False,False,25529.999999999996,21656.999999999996
2019-05-30 21:00:00,0.7134166666666667,0.6015833333333332,a,pdu6,False,False,25683.0,21656.999999999996
2019-05-30 22:00:00,0.7094999999999999,0.60075,a,pdu6,False,False,25541.999999999996,21627.0
2019-05-30 23:00:00,0.68675,0.6001666666666666,a,pdu6,False,False,24723.0,21606.0
2019-05-31 00:00:00,0.7019166666666666,0.6003333333333333,a,pdu6,False,False,25269.0,21611.999999999996
2019-05-31 01:00:00,0.7071666666666666,0.6015833333333332,a,pdu6,False,False,25457.999999999996,21656.999999999996
2019-05-31 02:00:00,0.7145,0.601,a,pdu6,False,False,25722.0,21636.0
2019-05-31 03:00:00,0.7108333333333333,0.60425,a,pdu6,False,False,25590.0,21753.0
2019-05-31 04:00:00,0.7281666666666666,0.6068333333333333,a,pdu6,False,False,26214.0,21846.0
2019-05-31 05:00:00,0.7335833333333333,0.6108333333333333,a,pdu6,False,False,26408.999999999996,21990.0
2019-05-31 06:00:00,0.7346666666666666,0.6129166666666667,a,pdu6,False,False,26447.999999999996,22065.0
2019-05-31 07:00:00,0.7385833333333333,0.6175833333333333,a,pdu6,False,False,26588.999999999996,22232.999999999996
2019-05-31 08:00:00,0.7366666666666667,0.6146666666666666,a,pdu6,False,False,26520.0,22127.999999999996
2019-05-31 09:00:00,0.73225,0.6146666666666666,a,pdu6,False,False,26361.0,22127.999999999996
2019-05-31 10:00:00,0.7300833333333333,0.6139166666666667,a,pdu6,False,False,26283.0,22101.0
2019-05-31 11:00:00,0.7338333333333332,0.6123333333333333,a,pdu6,False,False,26417.999999999996,22044.0
2019-05-31 12:00:00,0.73075,0.60975,a,pdu6,False,False,26307.0,21951.0
2019-05-31 13:00:00,0.7271666666666666,0.6045833333333334,a,pdu6,False,False,26178.0,21765.0
2019-05-31 14:00:00,0.7206666666666667,0.6069166666666667,a,pdu6,False,False,25944.0,21849.0
2019-05-31 15:00:00,0.7075,0.6008333333333333,a,pdu6,False,False,25470.0,21630.0
2019-05-31 16:00:00,0.7076666666666666,0.5990833333333333,a,pdu6,False,False,25475.999999999996,21567.0
2019-05-31 17:00:00,0.6980833333333333,0.5986666666666666,a,pdu6,False,False,25130.999999999996,21551.999999999996
2019-05-31 18:00:00,0.7120833333333333,0.598,a,pdu6,False,False,25635.0,21528.0
2019-05-31 19:00:00,0.7235,0.599,a,pdu6,False,False,26046.0,21564.0
2019-05-31 20:00:00,0.7295833333333333,0.6015833333333332,a,pdu6,False,False,26264.999999999996,21656.999999999996
2019-05-31 21:00:00,0.73225,0.6048333333333333,a,pdu6,False,False,26361.0,21774.0
2019-05-31 22:00:00,0.7365833333333334,0.6035,a,pdu6,False,False,26517.0,21726.0
2019-05-31 23:00:00,0.7265,0.59925,a,pdu6,False,False,26154.0,21572.999999999996
